{
  "pr_auc": 1.0,
  "report": {
    "0": {
      "precision": 0.4,
      "recall": 1.0,
      "f1-score": 0.5714285714285714,
      "support": 2.0
    },
    "1": {
      "precision": 1.0,
      "recall": 0.8,
      "f1-score": 0.8888888888888888,
      "support": 15.0
    },
    "accuracy": 0.8235294117647058,
    "macro avg": {
      "precision": 0.7,
      "recall": 0.9,
      "f1-score": 0.7301587301587301,
      "support": 17.0
    },
    "weighted avg": {
      "precision": 0.9294117647058824,
      "recall": 0.8235294117647058,
      "f1-score": 0.8515406162464985,
      "support": 17.0
    }
  },
  "suggested_threshold_f1": 0.8731862782647304,
  "calibration": {
    "cv_folds": 2,
    "calibrated": true
  },
  "class_counts": {
    "0": 2,
    "1": 15
  }
}